INSERT INTO public.users (id,username,"password",enabled) VALUES
	 (1,'user','$2a$04$vfJTzvsrzJc1AsOdgjb3ge3TX1ZUTeAJa3TIS8Yzqen4t6NMx7xvm',true),
	 (2,'admin','$2a$04$vfJTzvsrzJc1AsOdgjb3ge3TX1ZUTeAJa3TIS8Yzqen4t6NMx7xvm',true);

INSERT INTO public.authorities (id,username,authority) VALUES
	 (1, 'user','ROLE_USER'),
	 (2, 'admin','ROLE_USER'),
	 (3, 'admin','ROLE_ADMIN');

INSERT INTO public.places (id,date_created,last_updated,created_by,modified_by,address,app,"name",order_ahead,website) VALUES
   (27,'2022-10-09 14:32:48.968892-05','2022-10-09 14:32:48.968892-05','admin','admin','1260 Hennepin Ave
Minneapolis, MN 55403',true,'Subway Hennepin',true,'https://restaurants.subway.com/united-states/mn/minneapolis/1260-hennepin-ave'),
   (10004,'2022-07-27 23:38:35.619756-05','2022-07-27 23:38:35.619756-05',NULL,NULL,'220 South 6th St #215
Minneapolis, MN 55402',false,'The Burger Place',true,'https://www.theburgerplace.com/weekday-specials/'),
   (29,'2022-10-09 14:40:43.014166-05','2022-10-09 14:40:43.014166-05','admin','admin','925 Nicollet Mall
Minneapolis, MN 55402',false,'Barrio',true,'https://barriotequila.com/locations/downtown-minneapolis/'),
   (30,'2022-10-11 09:01:07.31082-05','2022-10-11 09:01:07.31082-05','admin','admin','225 S 6th St. Capella Tower',false,'Andrea Pizza Capella Tower',false,'https://www.andreapizza.com/'),
   (31,'2022-10-11 09:01:56.454067-05','2022-10-11 09:01:56.454067-05','admin','admin','811 LaSalle Avenue Highland Court Building',false,'Andrea Pizza LaSalle',false,'https://www.andreapizza.com/'),
   (32,'2022-10-11 09:02:22.061839-05','2022-10-11 09:02:22.061839-05','admin','admin','330 2nd Avenue S. #258',false,'Andrea Pizza Towle',false,'https://www.andreapizza.com/'),
   (16,'2022-10-05 15:24:55.311793-05','2022-10-09 13:36:57.850817-05','admin','admin','705 S Marquette Avenue
Minneapolis, MN 55402',false,'Afro Deli',true,'https://www.afrodeli.com/locations/skyway'),
   (15,'2022-10-05 08:34:20.311449-05','2022-10-09 13:47:16.692923-05','admin','admin','200 South 6th St #270
Minneapolis, MN 55402',true,'Broadway Fast & Fresh',true,'https://www.broadwaypizza.com/fast-and-fresh/fast-and-fresh'),
   (17,'2022-10-05 17:06:06.68425-05','2022-10-09 13:48:24.655347-05','admin','admin','212 7th St.
Minneapolis, MN 55402',true,'Dan Kelly''s Broadway Pizza',true,'https://www.broadwaypizza.com/dan-kellys/dan-kellys'),
   (10000,'2022-07-27 13:09:06.542326-05','2022-10-09 13:48:55.803837-05',NULL,'admin','121 S 8th Street #235
Minneapolis, MN 55402',false,'Ginelli''s Pizza',false,'https://www.ginellispizza.com/');
INSERT INTO public.places (id,date_created,last_updated,created_by,modified_by,address,app,"name",order_ahead,website) VALUES
   (34,'2022-10-12 23:02:05.526777-05','2022-10-12 23:02:05.526777-05','admin','admin','210 IDS Center 80 8th S
Minneapolis, MN 55402',true,'Potbelly IDS',true,'https://www.potbelly.com/perks'),
   (23,'2022-10-09 14:29:03.084173-05','2022-10-09 14:29:03.084173-05','admin','admin','50 South 9th St.
Minneapolis, MN 55402',true,'Subway 9th St',true,'https://restaurants.subway.com/united-states/mn/minneapolis/50-south-9th-st'),
   (24,'2022-10-09 14:30:09.36875-05','2022-10-09 14:30:09.36875-05','admin','admin','501 Washington Ave S
Suite 170
Minneapolis, MN 55415',true,'Subway Washington',true,'https://restaurants.subway.com/united-states/mn/minneapolis/501-washington-ave-s'),
   (25,'2022-10-09 14:31:00.441405-05','2022-10-09 14:31:00.441405-05','admin','admin','701 4th Avenue South
Suite 230
Minneapolis, MN 55415',true,'Subway 4th Ave',true,'https://restaurants.subway.com/united-states/mn/minneapolis/701-4th-avenue-south'),
   (26,'2022-10-09 14:31:45.36618-05','2022-10-09 14:31:45.36618-05','admin','admin','200 South 5th Street
Minneapolis, MN 55402',true,'Subway 5th St',true,'https://restaurants.subway.com/united-states/mn/minneapolis/200-south-5th-street'),
   (44,'2022-10-13 10:56:29.489237-05','2022-10-13 10:56:29.489237-05','admin','admin','720 3rd Street South
Minneapolis, MN 55415',true,'Jimmy John''s #3836',true,'https://locations.jimmyjohns.com/mn/minneapolis/sandwiches-3836.html'),
   (33,'2022-10-12 23:00:59.643811-05','2022-10-12 23:03:17.04248-05','admin','admin','527 S Marquette Ave
Minneapolis, MN 55402',true,'Potbelly Rand Tower',true,'https://www.potbelly.com/perks'),
   (22,'2022-10-09 14:27:13.95516-05','2022-10-12 23:03:25.87861-05','admin','admin','555 Nicollet Mall Suite 297
Minneapolis, MN 55402',true,'Subway Nicollet',true,'https://restaurants.subway.com/united-states/mn/minneapolis/555-nicollet-mall'),
   (40,'2022-10-13 08:43:39.459999-05','2022-10-13 10:59:13.948588-05','admin','admin','50 South 6th St Ste 240
Minneapolis, MN 55402',true,'Chipotle 50 South 6th',true,'https://locations.chipotle.com/mn/minneapolis/50-s-6th-st'),
   (28,'2022-10-09 14:38:56.14607-05','2022-10-12 23:07:30.687316-05','admin','admin','931 Nicollet Mall
Minneapolis, MN 55402',false,'The Local',true,'https://the-local.com/pub-club/');
INSERT INTO public.places (id,date_created,last_updated,created_by,modified_by,address,app,"name",order_ahead,website) VALUES
   (45,'2022-10-13 11:00:39.772978-05','2022-10-13 11:00:39.772978-05','admin','admin','200 South 6th St
Minneapolis, MN 55402',true,'Chipotle 200 South 6th',true,'https://chipotle.com/'),
   (35,'2022-10-12 23:51:31.57337-05','2022-10-12 23:59:11.282884-05','admin','admin','200 South 6th St Ste 280
Minneapolis, MN 55402',false,'Jr. Brothers',true,'https://www.jrbrothersthai.com/order#signup'),
   (36,'2022-10-13 07:41:07.693369-05','2022-10-13 07:41:07.693369-05','admin','admin','200 South 6th St
Minneapolis, MN 55402',true,'Naf Naf US Bank Plaza',true,'https://www.nafnafgrill.com/perks/'),
   (37,'2022-10-13 07:42:38.42555-05','2022-10-13 07:42:38.42555-05','admin','admin','40 S 7th St #206
Minneapolis, MN 55402',true,'Naf Naf City Center',true,'https://www.nafnafgrill.com/perks/'),
   (38,'2022-10-13 08:03:17.723368-05','2022-10-13 08:03:17.723368-05','admin','admin','651 Nicollet Mall
Minneapolis, MN 55402',true,'Freshii',true,'https://www.freshii.com/us/en-us/rewards'),
   (46,'2022-10-13 11:01:14.102068-05','2022-10-13 11:01:14.102068-05','admin','admin','1040 Nicollet Mall
Minneapolis, MN 55403',true,'Chipotle Nicollet',true,'https://chipotle.com'),
   (39,'2022-10-13 08:36:19.305232-05','2022-10-13 08:45:45.106076-05','admin','admin','40 S 7th St
Minneapolis, MN 55402',true,'Leeann Chin',true,'https://www.leeannchin.com/restaurant/city-centerdowntown-minneapolis-mn/40-south-7th-street'),
   (41,'2022-10-13 10:52:25.956979-05','2022-10-13 10:52:25.956979-05','admin','admin','600 Hennepin Ave S, Ste 140
Minneapolis, MN 55403',true,'Jimmy John''s #191',true,'https://locations.jimmyjohns.com/mn/minneapolis/sandwiches-191.html'),
   (42,'2022-10-13 10:53:38.577923-05','2022-10-13 10:53:38.577923-05','admin','admin','Pillsbury Center, 200 South 6th St
Minneapolis, MN 55402',true,'Jimmy John''s #192 Pillsbury',true,'https://locations.jimmyjohns.com/mn/minneapolis/sandwiches-192.html'),
   (43,'2022-10-13 10:55:04.962617-05','2022-10-13 10:55:04.962617-05','admin','admin','88 S 9th St, Minneapolis
MN 55402',true,'Jimmy John''s #190',true,'https://locations.jimmyjohns.com/mn/minneapolis/sandwiches-190.html');
INSERT INTO public.places (id,date_created,last_updated,created_by,modified_by,address,app,"name",order_ahead,website) VALUES
   (47,'2022-10-13 11:18:58.565185-05','2022-10-13 11:18:58.565185-05','admin','admin','50 South 10th St, Nicollet Mall
Minneapolis, MN 55403',true,'Qdoba',true,'https://locations.qdoba.com/us/mn/minneapolis/50-south-10th-st.html'),
   (48,'2022-10-13 11:33:56.752244-05','2022-10-13 11:33:56.752244-05','admin','admin','809 Nicollet Mall
Minneapolis, MN 55402',true,'Panera Bread',true,'https://www.panerabread.com'),
   (49,'2022-11-20 16:08:33.677729-06','2022-11-20 16:08:33.677729-06','admin','admin','601 S Marquette Ave
Minneapolis, MN 55402',false,'My Burger',true,'https://www.myburgerusa.com/');

INSERT INTO public.place_hours (id,place_id,open_time,close_time,day_of_week,date_created,last_updated,created_by,modified_by) VALUES
	 (1,10000,'08:00:00','15:00:00',0,'2024-01-03 13:42:48.299118-06','2024-01-03 13:42:48.299118-06','admin','admin'),
	 (2,10000,'08:00:00','15:00:00',1,'2024-01-03 13:42:48.299118-06','2024-01-03 13:42:48.299118-06','admin','admin'),
	 (3,10000,'08:00:00','15:00:00',2,'2024-01-03 13:42:48.299118-06','2024-01-03 13:42:48.299118-06','admin','admin'),
	 (4,10000,'08:00:00','15:00:00',3,'2024-01-03 13:42:48.299118-06','2024-01-03 13:42:48.299118-06','admin','admin'),
	 (5,10000,'08:00:00','15:00:00',4,'2024-01-03 13:42:48.299118-06','2024-01-03 13:42:48.299118-06','admin','admin'),
	 (6,10004,'07:00:00','15:00:00',0,'2024-01-03 13:42:48.299118-06','2024-01-03 13:42:48.299118-06','admin','admin'),
	 (7,10004,'07:00:00','15:00:00',1,'2024-01-03 13:42:48.299118-06','2024-01-03 13:42:48.299118-06','admin','admin'),
	 (8,10004,'07:00:00','15:00:00',2,'2024-01-03 13:42:48.299118-06','2024-01-03 13:42:48.299118-06','admin','admin'),
	 (9,10004,'07:00:00','15:00:00',3,'2024-01-03 13:42:48.299118-06','2024-01-03 13:42:48.299118-06','admin','admin'),
	 (10,10004,'07:00:00','15:00:00',4,'2024-01-03 13:42:48.299118-06','2024-01-03 13:42:48.299118-06','admin','admin');
INSERT INTO public.place_hours (id,place_id,open_time,close_time,day_of_week,date_created,last_updated,created_by,modified_by) VALUES
	 (11,15,'10:30:00','15:00:00',0,'2024-01-03 13:42:48.302643-06','2024-01-03 13:42:48.302643-06','admin','admin'),
	 (12,15,'10:30:00','15:00:00',1,'2024-01-03 13:42:48.302643-06','2024-01-03 13:42:48.302643-06','admin','admin'),
	 (13,15,'10:30:00','15:00:00',2,'2024-01-03 13:42:48.302643-06','2024-01-03 13:42:48.302643-06','admin','admin'),
	 (14,15,'10:30:00','15:00:00',3,'2024-01-03 13:42:48.302643-06','2024-01-03 13:42:48.302643-06','admin','admin'),
	 (15,15,'10:30:00','15:00:00',4,'2024-01-03 13:42:48.302643-06','2024-01-03 13:42:48.302643-06','admin','admin'),
	 (16,16,'11:00:00','13:30:00',0,'2024-01-03 13:42:48.302643-06','2024-01-03 13:42:48.302643-06','admin','admin'),
	 (17,16,'11:00:00','13:30:00',1,'2024-01-03 13:42:48.302643-06','2024-01-03 13:42:48.302643-06','admin','admin'),
	 (18,16,'11:00:00','13:30:00',2,'2024-01-03 13:42:48.302643-06','2024-01-03 13:42:48.302643-06','admin','admin'),
	 (19,16,'11:00:00','13:30:00',3,'2024-01-03 13:42:48.302643-06','2024-01-03 13:42:48.302643-06','admin','admin'),
	 (20,16,'11:00:00','13:30:00',4,'2024-01-03 13:42:48.302643-06','2024-01-03 13:42:48.302643-06','admin','admin');
INSERT INTO public.place_hours (id,place_id,open_time,close_time,day_of_week,date_created,last_updated,created_by,modified_by) VALUES
	 (21,17,'15:00:00','23:59:00',0,'2024-01-03 13:42:48.305574-06','2024-01-03 13:42:48.305574-06','admin','admin'),
	 (22,17,'15:00:00','23:59:00',1,'2024-01-03 13:42:48.305574-06','2024-01-03 13:42:48.305574-06','admin','admin'),
	 (23,17,'15:00:00','23:59:00',2,'2024-01-03 13:42:48.305574-06','2024-01-03 13:42:48.305574-06','admin','admin'),
	 (24,17,'15:00:00','23:59:00',3,'2024-01-03 13:42:48.305574-06','2024-01-03 13:42:48.305574-06','admin','admin'),
	 (25,17,'15:00:00','23:59:00',4,'2024-01-03 13:42:48.305574-06','2024-01-03 13:42:48.305574-06','admin','admin'),
	 (26,17,'15:00:00','23:59:00',5,'2024-01-03 13:42:48.305574-06','2024-01-03 13:42:48.305574-06','admin','admin'),
	 (27,17,'15:00:00','23:59:00',6,'2024-01-03 13:42:48.305574-06','2024-01-03 13:42:48.305574-06','admin','admin'),
	 (28,22,'08:00:00','17:00:00',0,'2024-01-03 13:42:48.305574-06','2024-01-03 13:42:48.305574-06','admin','admin'),
	 (29,22,'08:00:00','17:00:00',1,'2024-01-03 13:42:48.305574-06','2024-01-03 13:42:48.305574-06','admin','admin'),
	 (30,22,'08:00:00','17:00:00',2,'2024-01-03 13:42:48.305574-06','2024-01-03 13:42:48.305574-06','admin','admin');
INSERT INTO public.place_hours (id,place_id,open_time,close_time,day_of_week,date_created,last_updated,created_by,modified_by) VALUES
	 (31,22,'08:00:00','17:00:00',3,'2024-01-03 13:42:48.305574-06','2024-01-03 13:42:48.305574-06','admin','admin'),
	 (32,22,'08:00:00','17:00:00',4,'2024-01-03 13:42:48.305574-06','2024-01-03 13:42:48.305574-06','admin','admin'),
	 (33,23,'09:00:00','17:00:00',0,'2024-01-03 13:42:48.308222-06','2024-01-03 13:42:48.308222-06','admin','admin'),
	 (34,23,'09:00:00','17:00:00',1,'2024-01-03 13:42:48.308222-06','2024-01-03 13:42:48.308222-06','admin','admin'),
	 (35,23,'09:00:00','17:00:00',2,'2024-01-03 13:42:48.308222-06','2024-01-03 13:42:48.308222-06','admin','admin'),
	 (36,23,'09:00:00','17:00:00',3,'2024-01-03 13:42:48.308222-06','2024-01-03 13:42:48.308222-06','admin','admin'),
	 (37,23,'09:00:00','17:00:00',4,'2024-01-03 13:42:48.308222-06','2024-01-03 13:42:48.308222-06','admin','admin'),
	 (38,24,'07:00:00','19:00:00',0,'2024-01-03 13:42:48.308222-06','2024-01-03 13:42:48.308222-06','admin','admin'),
	 (39,24,'07:00:00','19:00:00',1,'2024-01-03 13:42:48.308222-06','2024-01-03 13:42:48.308222-06','admin','admin'),
	 (40,24,'07:00:00','19:00:00',2,'2024-01-03 13:42:48.308222-06','2024-01-03 13:42:48.308222-06','admin','admin');
INSERT INTO public.place_hours (id,place_id,open_time,close_time,day_of_week,date_created,last_updated,created_by,modified_by) VALUES
	 (41,24,'07:00:00','19:00:00',3,'2024-01-03 13:42:48.308222-06','2024-01-03 13:42:48.308222-06','admin','admin'),
	 (42,24,'07:00:00','19:00:00',4,'2024-01-03 13:42:48.308222-06','2024-01-03 13:42:48.308222-06','admin','admin'),
	 (43,24,'08:00:00','16:00:00',5,'2024-01-03 13:42:48.308222-06','2024-01-03 13:42:48.308222-06','admin','admin'),
	 (44,24,'09:00:00','16:00:00',6,'2024-01-03 13:42:48.308222-06','2024-01-03 13:42:48.308222-06','admin','admin'),
	 (45,25,'09:00:00','17:00:00',0,'2024-01-03 13:42:48.310321-06','2024-01-03 13:42:48.310321-06','admin','admin'),
	 (46,25,'09:00:00','17:00:00',1,'2024-01-03 13:42:48.310321-06','2024-01-03 13:42:48.310321-06','admin','admin'),
	 (47,25,'09:00:00','17:00:00',2,'2024-01-03 13:42:48.310321-06','2024-01-03 13:42:48.310321-06','admin','admin'),
	 (48,25,'09:00:00','17:00:00',3,'2024-01-03 13:42:48.310321-06','2024-01-03 13:42:48.310321-06','admin','admin'),
	 (49,25,'09:00:00','17:00:00',4,'2024-01-03 13:42:48.310321-06','2024-01-03 13:42:48.310321-06','admin','admin'),
	 (50,26,'07:00:00','16:30:00',0,'2024-01-03 13:42:48.310321-06','2024-01-03 13:42:48.310321-06','admin','admin');
INSERT INTO public.place_hours (id,place_id,open_time,close_time,day_of_week,date_created,last_updated,created_by,modified_by) VALUES
	 (51,26,'07:00:00','16:30:00',1,'2024-01-03 13:42:48.310321-06','2024-01-03 13:42:48.310321-06','admin','admin'),
	 (52,26,'07:00:00','16:30:00',2,'2024-01-03 13:42:48.310321-06','2024-01-03 13:42:48.310321-06','admin','admin'),
	 (53,26,'07:00:00','16:30:00',3,'2024-01-03 13:42:48.310321-06','2024-01-03 13:42:48.310321-06','admin','admin'),
	 (54,26,'07:00:00','16:30:00',4,'2024-01-03 13:42:48.310321-06','2024-01-03 13:42:48.310321-06','admin','admin'),
	 (55,27,'08:00:00','16:00:00',5,'2024-01-03 13:42:48.313492-06','2024-01-03 13:42:48.313492-06','admin','admin'),
	 (56,27,'08:00:00','16:00:00',6,'2024-01-03 13:42:48.313492-06','2024-01-03 13:42:48.313492-06','admin','admin'),
	 (57,27,'08:00:00','20:00:00',0,'2024-01-03 13:42:48.313492-06','2024-01-03 13:42:48.313492-06','admin','admin'),
	 (58,27,'08:00:00','20:00:00',1,'2024-01-03 13:42:48.313492-06','2024-01-03 13:42:48.313492-06','admin','admin'),
	 (59,27,'08:00:00','20:00:00',2,'2024-01-03 13:42:48.313492-06','2024-01-03 13:42:48.313492-06','admin','admin'),
	 (60,27,'08:00:00','20:00:00',3,'2024-01-03 13:42:48.313492-06','2024-01-03 13:42:48.313492-06','admin','admin');
INSERT INTO public.place_hours (id,place_id,open_time,close_time,day_of_week,date_created,last_updated,created_by,modified_by) VALUES
	 (61,27,'08:00:00','20:00:00',4,'2024-01-03 13:42:48.313492-06','2024-01-03 13:42:48.313492-06','admin','admin'),
	 (62,28,'11:00:00','23:00:00',4,'2024-01-03 13:42:48.313492-06','2024-01-03 13:42:48.313492-06','admin','admin'),
	 (63,28,'11:00:00','23:00:00',4,'2024-01-03 13:42:48.313492-06','2024-01-03 13:42:48.313492-06','admin','admin'),
	 (64,28,'11:00:00','23:00:00',4,'2024-01-03 13:42:48.313492-06','2024-01-03 13:42:48.313492-06','admin','admin'),
	 (65,28,'11:00:00','23:00:00',4,'2024-01-03 13:42:48.313492-06','2024-01-03 13:42:48.313492-06','admin','admin'),
	 (66,28,'11:00:00','23:59:00',4,'2024-01-03 13:42:48.313492-06','2024-01-03 13:42:48.313492-06','admin','admin'),
	 (67,28,'11:00:00','23:59:00',4,'2024-01-03 13:42:48.313492-06','2024-01-03 13:42:48.313492-06','admin','admin'),
	 (68,28,'11:00:00','23:59:00',5,'2024-01-03 13:42:48.313492-06','2024-01-03 13:42:48.313492-06','admin','admin'),
	 (69,29,'11:00:00','22:00:00',6,'2024-01-03 13:42:48.316042-06','2024-01-03 13:42:48.316042-06','admin','admin'),
	 (70,29,'11:00:00','23:59:00',0,'2024-01-03 13:42:48.316042-06','2024-01-03 13:42:48.316042-06','admin','admin');
INSERT INTO public.place_hours (id,place_id,open_time,close_time,day_of_week,date_created,last_updated,created_by,modified_by) VALUES
	 (71,29,'11:00:00','23:59:00',1,'2024-01-03 13:42:48.316042-06','2024-01-03 13:42:48.316042-06','admin','admin'),
	 (72,29,'11:00:00','23:59:00',2,'2024-01-03 13:42:48.316042-06','2024-01-03 13:42:48.316042-06','admin','admin'),
	 (73,29,'11:00:00','23:59:00',3,'2024-01-03 13:42:48.316042-06','2024-01-03 13:42:48.316042-06','admin','admin'),
	 (74,29,'11:00:00','23:59:00',4,'2024-01-03 13:42:48.316042-06','2024-01-03 13:42:48.316042-06','admin','admin'),
	 (75,29,'11:00:00','23:59:00',5,'2024-01-03 13:42:48.316042-06','2024-01-03 13:42:48.316042-06','admin','admin'),
	 (76,30,'10:00:00','17:00:00',0,'2024-01-03 13:42:48.316042-06','2024-01-03 13:42:48.316042-06','admin','admin'),
	 (77,30,'10:00:00','17:00:00',1,'2024-01-03 13:42:48.316042-06','2024-01-03 13:42:48.316042-06','admin','admin'),
	 (78,30,'10:00:00','17:00:00',2,'2024-01-03 13:42:48.316042-06','2024-01-03 13:42:48.316042-06','admin','admin'),
	 (79,30,'10:00:00','17:00:00',3,'2024-01-03 13:42:48.316042-06','2024-01-03 13:42:48.316042-06','admin','admin'),
	 (80,30,'10:00:00','17:00:00',4,'2024-01-03 13:42:48.316042-06','2024-01-03 13:42:48.316042-06','admin','admin');
INSERT INTO public.place_hours (id,place_id,open_time,close_time,day_of_week,date_created,last_updated,created_by,modified_by) VALUES
	 (81,31,'10:00:00','17:30:00',0,'2024-01-03 13:42:48.317975-06','2024-01-03 13:42:48.317975-06','admin','admin'),
	 (82,31,'10:00:00','17:30:00',1,'2024-01-03 13:42:48.317975-06','2024-01-03 13:42:48.317975-06','admin','admin'),
	 (83,31,'10:00:00','17:30:00',2,'2024-01-03 13:42:48.317975-06','2024-01-03 13:42:48.317975-06','admin','admin'),
	 (84,31,'10:00:00','17:30:00',3,'2024-01-03 13:42:48.317975-06','2024-01-03 13:42:48.317975-06','admin','admin'),
	 (85,31,'10:00:00','17:30:00',4,'2024-01-03 13:42:48.317975-06','2024-01-03 13:42:48.317975-06','admin','admin'),
	 (86,32,'10:00:00','15:00:00',0,'2024-01-03 13:42:48.317975-06','2024-01-03 13:42:48.317975-06','admin','admin'),
	 (87,32,'10:00:00','15:00:00',1,'2024-01-03 13:42:48.317975-06','2024-01-03 13:42:48.317975-06','admin','admin'),
	 (88,32,'10:00:00','15:00:00',2,'2024-01-03 13:42:48.317975-06','2024-01-03 13:42:48.317975-06','admin','admin'),
	 (89,32,'10:00:00','15:00:00',3,'2024-01-03 13:42:48.317975-06','2024-01-03 13:42:48.317975-06','admin','admin'),
	 (90,32,'10:00:00','15:00:00',4,'2024-01-03 13:42:48.317975-06','2024-01-03 13:42:48.317975-06','admin','admin');
INSERT INTO public.place_hours (id,place_id,open_time,close_time,day_of_week,date_created,last_updated,created_by,modified_by) VALUES
	 (91,33,'08:30:00','18:30:00',0,'2024-01-03 13:42:48.319991-06','2024-01-03 13:42:48.319991-06','admin','admin'),
	 (92,33,'08:30:00','18:30:00',1,'2024-01-03 13:42:48.319991-06','2024-01-03 13:42:48.319991-06','admin','admin'),
	 (93,33,'08:30:00','18:30:00',2,'2024-01-03 13:42:48.319991-06','2024-01-03 13:42:48.319991-06','admin','admin'),
	 (94,33,'08:30:00','18:30:00',3,'2024-01-03 13:42:48.319991-06','2024-01-03 13:42:48.319991-06','admin','admin'),
	 (95,33,'08:30:00','18:30:00',4,'2024-01-03 13:42:48.319991-06','2024-01-03 13:42:48.319991-06','admin','admin'),
	 (96,34,'07:00:00','19:00:00',0,'2024-01-03 13:42:48.319991-06','2024-01-03 13:42:48.319991-06','admin','admin'),
	 (97,34,'07:00:00','19:00:00',1,'2024-01-03 13:42:48.319991-06','2024-01-03 13:42:48.319991-06','admin','admin'),
	 (98,34,'07:00:00','19:00:00',2,'2024-01-03 13:42:48.319991-06','2024-01-03 13:42:48.319991-06','admin','admin'),
	 (99,34,'07:00:00','19:00:00',3,'2024-01-03 13:42:48.319991-06','2024-01-03 13:42:48.319991-06','admin','admin'),
	 (100,34,'07:00:00','19:00:00',4,'2024-01-03 13:42:48.319991-06','2024-01-03 13:42:48.319991-06','admin','admin');
INSERT INTO public.place_hours (id,place_id,open_time,close_time,day_of_week,date_created,last_updated,created_by,modified_by) VALUES
	 (101,34,'10:00:00','17:00:00',5,'2024-01-03 13:42:48.319991-06','2024-01-03 13:42:48.319991-06','admin','admin'),
	 (102,35,'10:30:00','14:30:00',0,'2024-01-03 13:42:48.322167-06','2024-01-03 13:42:48.322167-06','admin','admin'),
	 (103,35,'10:30:00','14:30:00',1,'2024-01-03 13:42:48.322167-06','2024-01-03 13:42:48.322167-06','admin','admin'),
	 (104,35,'10:30:00','14:30:00',2,'2024-01-03 13:42:48.322167-06','2024-01-03 13:42:48.322167-06','admin','admin'),
	 (105,35,'10:30:00','14:30:00',3,'2024-01-03 13:42:48.322167-06','2024-01-03 13:42:48.322167-06','admin','admin'),
	 (106,35,'10:30:00','14:30:00',4,'2024-01-03 13:42:48.322167-06','2024-01-03 13:42:48.322167-06','admin','admin'),
	 (107,36,'10:30:00','18:00:00',0,'2024-01-03 13:42:48.322167-06','2024-01-03 13:42:48.322167-06','admin','admin'),
	 (108,36,'10:30:00','18:00:00',1,'2024-01-03 13:42:48.322167-06','2024-01-03 13:42:48.322167-06','admin','admin'),
	 (109,36,'10:30:00','18:00:00',2,'2024-01-03 13:42:48.322167-06','2024-01-03 13:42:48.322167-06','admin','admin'),
	 (110,36,'10:30:00','18:00:00',3,'2024-01-03 13:42:48.322167-06','2024-01-03 13:42:48.322167-06','admin','admin');
INSERT INTO public.place_hours (id,place_id,open_time,close_time,day_of_week,date_created,last_updated,created_by,modified_by) VALUES
	 (111,36,'10:30:00','18:00:00',4,'2024-01-03 13:42:48.322167-06','2024-01-03 13:42:48.322167-06','admin','admin'),
	 (112,37,'10:30:00','16:00:00',0,'2024-01-03 13:42:48.324007-06','2024-01-03 13:42:48.324007-06','admin','admin'),
	 (113,37,'10:30:00','16:00:00',1,'2024-01-03 13:42:48.324007-06','2024-01-03 13:42:48.324007-06','admin','admin'),
	 (114,37,'10:30:00','16:00:00',2,'2024-01-03 13:42:48.324007-06','2024-01-03 13:42:48.324007-06','admin','admin'),
	 (115,37,'10:30:00','16:00:00',3,'2024-01-03 13:42:48.324007-06','2024-01-03 13:42:48.324007-06','admin','admin'),
	 (116,37,'10:30:00','16:00:00',4,'2024-01-03 13:42:48.324007-06','2024-01-03 13:42:48.324007-06','admin','admin'),
	 (117,38,'09:00:00','12:30:00',0,'2024-01-03 13:42:48.324007-06','2024-01-03 13:42:48.324007-06','admin','admin'),
	 (118,38,'09:00:00','12:30:00',1,'2024-01-03 13:42:48.324007-06','2024-01-03 13:42:48.324007-06','admin','admin'),
	 (119,38,'09:00:00','12:30:00',2,'2024-01-03 13:42:48.324007-06','2024-01-03 13:42:48.324007-06','admin','admin'),
	 (120,38,'09:00:00','12:30:00',3,'2024-01-03 13:42:48.324007-06','2024-01-03 13:42:48.324007-06','admin','admin');
INSERT INTO public.place_hours (id,place_id,open_time,close_time,day_of_week,date_created,last_updated,created_by,modified_by) VALUES
	 (121,38,'09:00:00','12:30:00',4,'2024-01-03 13:42:48.324007-06','2024-01-03 13:42:48.324007-06','admin','admin'),
	 (122,39,'11:00:00','14:00:00',0,'2024-01-03 13:42:48.325747-06','2024-01-03 13:42:48.325747-06','admin','admin'),
	 (123,39,'11:00:00','14:00:00',1,'2024-01-03 13:42:48.325747-06','2024-01-03 13:42:48.325747-06','admin','admin'),
	 (124,39,'11:00:00','14:00:00',2,'2024-01-03 13:42:48.325747-06','2024-01-03 13:42:48.325747-06','admin','admin'),
	 (125,39,'11:00:00','14:00:00',3,'2024-01-03 13:42:48.325747-06','2024-01-03 13:42:48.325747-06','admin','admin'),
	 (126,39,'11:00:00','14:00:00',4,'2024-01-03 13:42:48.325747-06','2024-01-03 13:42:48.325747-06','admin','admin'),
	 (127,40,'10:30:00','18:00:00',0,'2024-01-03 13:42:48.325747-06','2024-01-03 13:42:48.325747-06','admin','admin'),
	 (128,40,'10:30:00','18:00:00',1,'2024-01-03 13:42:48.325747-06','2024-01-03 13:42:48.325747-06','admin','admin'),
	 (129,40,'10:30:00','18:00:00',2,'2024-01-03 13:42:48.325747-06','2024-01-03 13:42:48.325747-06','admin','admin'),
	 (130,40,'10:30:00','18:00:00',3,'2024-01-03 13:42:48.325747-06','2024-01-03 13:42:48.325747-06','admin','admin');
INSERT INTO public.place_hours (id,place_id,open_time,close_time,day_of_week,date_created,last_updated,created_by,modified_by) VALUES
	 (131,40,'10:30:00','18:00:00',4,'2024-01-03 13:42:48.325747-06','2024-01-03 13:42:48.325747-06','admin','admin'),
	 (132,41,'10:30:00','22:00:00',0,'2024-01-03 13:42:48.327711-06','2024-01-03 13:42:48.327711-06','admin','admin'),
	 (133,41,'10:30:00','22:00:00',1,'2024-01-03 13:42:48.327711-06','2024-01-03 13:42:48.327711-06','admin','admin'),
	 (134,41,'10:30:00','22:00:00',2,'2024-01-03 13:42:48.327711-06','2024-01-03 13:42:48.327711-06','admin','admin'),
	 (135,41,'10:30:00','22:00:00',3,'2024-01-03 13:42:48.327711-06','2024-01-03 13:42:48.327711-06','admin','admin'),
	 (136,41,'10:30:00','22:00:00',4,'2024-01-03 13:42:48.327711-06','2024-01-03 13:42:48.327711-06','admin','admin'),
	 (137,41,'10:30:00','22:00:00',5,'2024-01-03 13:42:48.327711-06','2024-01-03 13:42:48.327711-06','admin','admin'),
	 (138,41,'10:30:00','22:00:00',6,'2024-01-03 13:42:48.327711-06','2024-01-03 13:42:48.327711-06','admin','admin'),
	 (139,42,'10:30:00','22:00:00',0,'2024-01-03 13:42:48.327711-06','2024-01-03 13:42:48.327711-06','admin','admin'),
	 (140,42,'10:30:00','22:00:00',1,'2024-01-03 13:42:48.327711-06','2024-01-03 13:42:48.327711-06','admin','admin');
INSERT INTO public.place_hours (id,place_id,open_time,close_time,day_of_week,date_created,last_updated,created_by,modified_by) VALUES
	 (141,42,'10:30:00','22:00:00',2,'2024-01-03 13:42:48.327711-06','2024-01-03 13:42:48.327711-06','admin','admin'),
	 (142,42,'10:30:00','22:00:00',3,'2024-01-03 13:42:48.327711-06','2024-01-03 13:42:48.327711-06','admin','admin'),
	 (143,42,'10:30:00','22:00:00',4,'2024-01-03 13:42:48.327711-06','2024-01-03 13:42:48.327711-06','admin','admin'),
	 (144,43,'10:30:00','18:00:00',6,'2024-01-03 13:42:48.329751-06','2024-01-03 13:42:48.329751-06','admin','admin'),
	 (145,43,'10:30:00','19:00:00',0,'2024-01-03 13:42:48.329751-06','2024-01-03 13:42:48.329751-06','admin','admin'),
	 (146,43,'10:30:00','19:00:00',1,'2024-01-03 13:42:48.329751-06','2024-01-03 13:42:48.329751-06','admin','admin'),
	 (147,43,'10:30:00','19:00:00',2,'2024-01-03 13:42:48.329751-06','2024-01-03 13:42:48.329751-06','admin','admin'),
	 (148,43,'10:30:00','19:00:00',3,'2024-01-03 13:42:48.329751-06','2024-01-03 13:42:48.329751-06','admin','admin'),
	 (149,43,'10:30:00','19:00:00',4,'2024-01-03 13:42:48.329751-06','2024-01-03 13:42:48.329751-06','admin','admin'),
	 (150,43,'10:30:00','19:00:00',5,'2024-01-03 13:42:48.329751-06','2024-01-03 13:42:48.329751-06','admin','admin');
INSERT INTO public.place_hours (id,place_id,open_time,close_time,day_of_week,date_created,last_updated,created_by,modified_by) VALUES
	 (151,44,'10:30:00','16:00:00',5,'2024-01-03 13:42:48.329751-06','2024-01-03 13:42:48.329751-06','admin','admin'),
	 (152,44,'10:30:00','16:00:00',6,'2024-01-03 13:42:48.329751-06','2024-01-03 13:42:48.329751-06','admin','admin'),
	 (153,44,'10:30:00','20:00:00',0,'2024-01-03 13:42:48.329751-06','2024-01-03 13:42:48.329751-06','admin','admin'),
	 (154,44,'10:30:00','20:00:00',1,'2024-01-03 13:42:48.329751-06','2024-01-03 13:42:48.329751-06','admin','admin'),
	 (155,44,'10:30:00','20:00:00',2,'2024-01-03 13:42:48.329751-06','2024-01-03 13:42:48.329751-06','admin','admin'),
	 (156,44,'10:30:00','20:00:00',3,'2024-01-03 13:42:48.329751-06','2024-01-03 13:42:48.329751-06','admin','admin'),
	 (157,44,'10:30:00','20:00:00',4,'2024-01-03 13:42:48.329751-06','2024-01-03 13:42:48.329751-06','admin','admin'),
	 (158,45,'10:30:00','18:00:00',0,'2024-01-03 13:42:48.331605-06','2024-01-03 13:42:48.331605-06','admin','admin'),
	 (159,45,'10:30:00','18:00:00',1,'2024-01-03 13:42:48.331605-06','2024-01-03 13:42:48.331605-06','admin','admin'),
	 (160,45,'10:30:00','18:00:00',2,'2024-01-03 13:42:48.331605-06','2024-01-03 13:42:48.331605-06','admin','admin');
INSERT INTO public.place_hours (id,place_id,open_time,close_time,day_of_week,date_created,last_updated,created_by,modified_by) VALUES
	 (161,45,'10:30:00','18:00:00',3,'2024-01-03 13:42:48.331605-06','2024-01-03 13:42:48.331605-06','admin','admin'),
	 (162,45,'10:30:00','18:00:00',4,'2024-01-03 13:42:48.331605-06','2024-01-03 13:42:48.331605-06','admin','admin'),
	 (163,46,'10:45:00','22:00:00',0,'2024-01-03 13:42:48.331605-06','2024-01-03 13:42:48.331605-06','admin','admin'),
	 (164,46,'10:45:00','22:00:00',1,'2024-01-03 13:42:48.331605-06','2024-01-03 13:42:48.331605-06','admin','admin'),
	 (165,46,'10:45:00','22:00:00',2,'2024-01-03 13:42:48.331605-06','2024-01-03 13:42:48.331605-06','admin','admin'),
	 (166,46,'10:45:00','22:00:00',3,'2024-01-03 13:42:48.331605-06','2024-01-03 13:42:48.331605-06','admin','admin'),
	 (167,46,'10:45:00','22:00:00',4,'2024-01-03 13:42:48.331605-06','2024-01-03 13:42:48.331605-06','admin','admin'),
	 (168,46,'10:45:00','22:00:00',5,'2024-01-03 13:42:48.331605-06','2024-01-03 13:42:48.331605-06','admin','admin'),
	 (169,47,'10:00:00','18:00:00',0,'2024-01-03 13:42:48.333486-06','2024-01-03 13:42:48.333486-06','admin','admin'),
	 (170,47,'10:00:00','18:00:00',1,'2024-01-03 13:42:48.333486-06','2024-01-03 13:42:48.333486-06','admin','admin');
INSERT INTO public.place_hours (id,place_id,open_time,close_time,day_of_week,date_created,last_updated,created_by,modified_by) VALUES
	 (171,47,'10:00:00','18:00:00',2,'2024-01-03 13:42:48.333486-06','2024-01-03 13:42:48.333486-06','admin','admin'),
	 (172,47,'10:00:00','18:00:00',3,'2024-01-03 13:42:48.333486-06','2024-01-03 13:42:48.333486-06','admin','admin'),
	 (173,47,'10:00:00','18:00:00',4,'2024-01-03 13:42:48.333486-06','2024-01-03 13:42:48.333486-06','admin','admin'),
	 (174,49,'10:30:00','14:30:00',0,'2024-01-03 13:42:48.333486-06','2024-01-03 13:42:48.333486-06','admin','admin'),
	 (175,49,'10:30:00','14:30:00',1,'2024-01-03 13:42:48.333486-06','2024-01-03 13:42:48.333486-06','admin','admin'),
	 (176,49,'10:30:00','14:30:00',2,'2024-01-03 13:42:48.333486-06','2024-01-03 13:42:48.333486-06','admin','admin'),
	 (177,49,'10:30:00','14:30:00',3,'2024-01-03 13:42:48.333486-06','2024-01-03 13:42:48.333486-06','admin','admin'),
	 (178,49,'10:30:00','14:30:00',4,'2024-01-03 13:42:48.333486-06','2024-01-03 13:42:48.333486-06','admin','admin');

INSERT INTO public.deals (id,place_id,date_created,last_updated,created_by,modified_by,deal_type,description,dish,end_date,end_time,max_discount,max_discount_percent,max_price,min_discount,min_discount_percent,min_price,start_date,start_time,tax_included,verified) VALUES
	 (119,29,'2022-10-09 14:44:00.985183-05','2022-12-27 16:01:09.132827-06','admin','admin',3,'$1.00 off tacos 3:00 pm to 6:00 pm','Taco',NULL,'18:00:00',1.0,18.18,6.0,1.0,14.29,4.5,NULL,'15:00:00',false,false),
	 (120,29,'2022-10-09 14:45:18.880189-05','2022-12-27 16:01:16.380394-06','admin','admin',3,'$7 margaritas from 3:00 pm to 6:00 pm','Beverage',NULL,'18:00:00',NULL,NULL,7.0,NULL,NULL,7.0,NULL,'15:00:00',false,false),
	 (115,17,'2022-10-09 14:07:22.304616-05','2022-12-27 16:01:27.947591-06','admin','admin',3,'$6 Pretzel Bites, Chips & Cheese, Garlic Parmesan Bites from 3:00 pm to 6:00 pm','Appetizer',NULL,'18:00:00',NULL,NULL,6.0,NULL,NULL,6.0,NULL,'15:00:00',false,false),
	 (116,17,'2022-10-09 14:10:01.764314-05','2022-12-27 16:01:38.612517-06','admin','admin',3,'$7 Tacos, Drumsticks, A Ton of Taters from 3:00 pm to 6:00 pm','Appetizer',NULL,'18:00:00',1.0,12.5,7.0,0.0,0.0,7.0,NULL,'15:00:00',false,false),
	 (117,17,'2022-10-09 14:12:25.806187-05','2022-12-27 16:02:03.988307-06','admin','admin',3,'$8 9" Solo 1-Topping Pizza, Wisconsin Curds, Onion Rings from 3:00 pm to 6:00 pm','Appetizer',NULL,'18:00:00',0.95,11.11,8.0,0.0,0.0,8.0,NULL,'15:00:00',false,false),
	 (50,10000,'2022-07-27 13:15:04.809267-05','2022-12-27 16:03:20.685801-06',NULL,'admin',3,'$3.20 slices from 10:30 - 11:30.','Pizza',NULL,'11:30:00',1.25,28.08,3.2,0.5,15.63,3.2,NULL,'10:30:00',false,true),
	 (109,10000,'2022-09-14 14:24:09.302423-05','2022-12-27 16:04:15.95267-06','admin','admin',3,'12 chicken wings for $7.25','Chicken Wings',NULL,'15:00:00',4.75,39.58,7.25,4.75,39.58,7.25,NULL,'10:30:00',false,true),
	 (131,36,'2022-11-23 16:16:11.77382-06','2022-12-27 16:04:39.199445-06','admin','admin',1,'$10 off family style meals with code NAFTOUCHDOWN',NULL,NULL,NULL,10.0,18.87,48.25,10.0,17.17,43.0,NULL,NULL,false,true),
	 (130,37,'2022-11-23 16:15:39.144318-06','2022-12-27 16:04:47.983234-06','admin','admin',1,'$10 off family style meals with code NAFTOUCHDOWN',NULL,NULL,NULL,10.0,18.87,48.25,10.0,17.17,43.0,NULL,NULL,false,true),
	 (108,10000,'2022-09-14 14:22:38.712614-05','2022-12-27 16:05:14.44785-06','admin','admin',3,'Free breadsticks with purchase of a slice.','Bread',NULL,'15:00:00',1.6,30.19,4.45,1.6,26.45,3.7,NULL,'10:30:00',false,true);
INSERT INTO public.deals (id,place_id,date_created,last_updated,created_by,modified_by,deal_type,description,dish,end_date,end_time,max_discount,max_discount_percent,max_price,min_discount,min_discount_percent,min_price,start_date,start_time,tax_included,verified) VALUES
	 (64,10000,'2022-07-28 00:14:24.973642-05','2022-12-27 16:06:10.177328-06',NULL,'admin',3,'$5.00 for two slices from 10:30 - 11:00.','Pizza',NULL,'11:00:00',3.9,43.82,5.0,2.4,32.43,5.0,NULL,'10:30:00',false,false),
	 (118,17,'2022-10-09 14:14:43.54359-05','2022-12-27 16:01:50.030398-06','admin','admin',3,'From 3:00 pm to 6:00 pm:
$4 House Draft Beers,
$1 Off All Other Draft Beers,
$5 Single Premium Rail Pours,
$5 Glasses of House Wine,
$2 Off All Other Wine','Beverage',NULL,'18:00:00',NULL,NULL,NULL,1.0,NULL,4.0,NULL,'15:00:00',false,false),
	 (151,49,'2022-12-20 08:38:41.105144-06','2022-12-27 16:02:14.641244-06','admin','admin',1,'%15 off purchase of $20 or more with promo code GET15 for the next 30 days. Email promotion since "We haven''t seen you in a while".','Burgers','2023-01-08',NULL,NULL,15.0,NULL,NULL,15.0,NULL,'2022-12-11',NULL,false,false),
	 (150,37,'2022-12-20 08:36:39.13685-06','2022-12-27 16:02:31.295337-06','admin','admin',1,'Lentil soup for $1.50 with entree purchase. Use code BUNDLEUP.','Soup','2023-02-28',NULL,NULL,NULL,NULL,NULL,NULL,NULL,NULL,NULL,false,true),
	 (159,36,'2022-12-27 13:50:36.64841-06','2022-12-27 16:02:40.639192-06','admin','admin',1,'Lentil soup for $1.50 with entree purchase. Use code BUNDLEUP.','Soup','2023-02-28',NULL,NULL,NULL,NULL,NULL,NULL,NULL,NULL,NULL,false,true),
	 (152,48,'2022-12-20 11:05:05.403972-06','2022-12-27 16:02:56.087536-06','admin','admin',1,'Try three items get a free entree. Purchase one (1) breakfast entrée, one (1) lunch or dinner entrée, and one (1) individual bakery item (“Eligible Purchases”) to receive one (1) free entrée on a future purchase.',NULL,'2023-01-01',NULL,19.0,NULL,NULL,NULL,NULL,NULL,'2022-12-18',NULL,false,true),
	 (137,39,'2022-12-12 10:51:26.419431-06','2022-12-12 10:51:26.419431-06','admin','admin',1,'$5 off your order of $20 or more (pre-tax) 11/09/2022 through 11/15/2022',NULL,'2022-11-15',NULL,5.0,NULL,NULL,5.0,25.0,15.0,'2022-11-09',NULL,false,true),
	 (138,39,'2022-12-12 10:56:42.913198-06','2022-12-12 10:56:42.913198-06','admin','admin',1,'2 entrees for just $16 10/26/2022 through 11/01/2022',NULL,'2022-11-01',NULL,6.58,29.14,16.0,2.58,13.89,16.0,'2022-10-26',NULL,false,true),
	 (139,39,'2022-12-12 14:27:38.077877-06','2022-12-12 14:27:38.077877-06','admin','admin',1,'25% off your order of $15 or more (pre-tax) 11/02/2022 through 11/08/2022',NULL,'2022-11-08',NULL,NULL,25.0,NULL,3.75,25.0,11.25,'2022-11-02',NULL,false,true),
	 (140,39,'2022-12-12 14:33:42.589079-06','2022-12-12 14:33:42.589079-06','admin','admin',1,'Buy one chicken entree, get one for $5 from 11/16/2022 through 11/22/2022',NULL,'2022-11-22',NULL,5.0,23.09,14.29,5.0,23.09,14.29,'2022-11-16',NULL,false,true);
INSERT INTO public.deals (id,place_id,date_created,last_updated,created_by,modified_by,deal_type,description,dish,end_date,end_time,max_discount,max_discount_percent,max_price,min_discount,min_discount_percent,min_price,start_date,start_time,tax_included,verified) VALUES
	 (144,39,'2022-12-12 14:42:11.05461-06','2022-12-12 14:42:11.05461-06','admin','admin',1,'Two entrees for $16 11/30 - 12/06',NULL,'2022-12-06',NULL,NULL,NULL,16.0,NULL,NULL,16.0,'2022-11-30',NULL,false,true),
	 (134,41,'2022-12-12 09:41:13.246311-06','2022-12-12 09:41:13.246311-06','admin','admin',0,'$1 off online and app orders Mondays from 11/28/22 - 12/19/22. Valid once per customer.','Sandwich','2022-12-19',NULL,1.0,18.9,21.99,1.0,4.55,5.29,'2022-11-29',NULL,false,true),
	 (135,42,'2022-12-12 09:42:10.704865-06','2022-12-12 09:42:10.704865-06','admin','admin',0,'$1 off online and app orders Mondays from 11/28/22 - 12/19/22. Valid once per customer.','Sandwich','2022-12-19',NULL,1.0,18.9,21.99,1.0,4.55,5.29,'2022-11-29',NULL,false,true),
	 (136,44,'2022-12-12 09:43:15.592294-06','2022-12-12 09:43:15.592294-06','admin','admin',0,'$1 off online and app orders Mondays from 11/28/22 - 12/19/22. Valid once per customer.','Sandwich','2022-12-19',NULL,1.0,18.9,21.99,1.0,4.55,5.29,'2022-11-29',NULL,false,true),
	 (124,38,'2022-10-13 08:07:12.995751-05','2022-11-20 16:13:31.509475-06','admin','admin',0,'20% off Buddha''s Satay Bowl','Bowl','2022-10-31',NULL,2.09,20.0,8.4,2.09,20.0,8.4,NULL,NULL,false,true),
	 (133,43,'2022-12-12 09:29:59.775736-06','2022-12-12 09:43:20.118898-06','admin','admin',0,'$1 off online and app orders Mondays from 11/28/22 - 12/19/22. Valid once per customer.','Sandwich','2022-12-19',NULL,1.0,18.9,21.99,1.0,4.55,5.29,'2022-11-28',NULL,false,true),
	 (132,49,'2022-12-12 09:26:28.956936-06','2022-12-12 09:26:28.956936-06','admin','admin',1,'Buy one get one free 11/07/2022 through 11/11/2022','Burgers','2022-11-11',NULL,16.95,50.0,16.95,9.25,50.0,9.25,'2022-11-07',NULL,false,true),
	 (141,34,'2022-12-12 14:35:23.684376-06','2022-12-12 14:35:23.684376-06','admin','admin',1,'Buy one get one free sandwich on National Sandwich Day (11/03/2022)','Sandwich','2022-11-03',NULL,NULL,NULL,NULL,NULL,NULL,NULL,'2022-11-03',NULL,false,true),
	 (142,33,'2022-12-12 14:35:44.853206-06','2022-12-12 14:35:44.853206-06','admin','admin',1,'Buy one get one free sandwich on National Sandwich Day (11/03/2022)','Sandwich','2022-11-03',NULL,NULL,NULL,NULL,NULL,NULL,NULL,'2022-11-03',NULL,false,true),
	 (143,49,'2022-12-12 14:39:15.180192-06','2022-12-12 14:39:15.180192-06','admin','admin',1,'Buy one get one half off 12/05/2022 - 12/08/2022','Burgers','2022-12-08',NULL,NULL,NULL,NULL,NULL,NULL,NULL,'2022-12-05',NULL,false,true);
INSERT INTO public.deals (id,place_id,date_created,last_updated,created_by,modified_by,deal_type,description,dish,end_date,end_time,max_discount,max_discount_percent,max_price,min_discount,min_discount_percent,min_price,start_date,start_time,tax_included,verified) VALUES
	 (145,34,'2022-12-12 14:45:30.369605-06','2022-12-12 14:45:30.369605-06','admin','admin',1,'Visit 1 time between 10/18/2022 and 11/1/2022 to score a FREE Original Sandwich.','Sandwich','2022-11-01',NULL,NULL,NULL,NULL,NULL,NULL,NULL,'2022-10-18',NULL,false,true),
	 (146,33,'2022-12-12 14:46:19.587075-06','2022-12-12 14:46:19.587075-06','admin','admin',1,'Visit 1 time between 10/18/2022 and 11/1/2022 to score a FREE Original Sandwich.','Sandwich','2022-11-01',NULL,NULL,50.0,NULL,NULL,50.0,NULL,'2022-10-18',NULL,false,true),
	 (110,10000,'2022-09-14 14:30:16.881066-05','2022-10-12 13:30:36.503778-05','admin','admin',3,'2 for 1 garlic cheese bread','Bread',NULL,'15:00:00',2.4,50.0,2.4,2.4,50.0,2.4,NULL,'10:30:00',false,true),
	 (129,38,'2022-11-20 16:17:39.101783-06','2022-11-20 16:22:57.88882-06','admin','admin',0,'Every Friday-Monday in November, try the Spicy Buffalo and Chipotle Cheddar for only $4.99, only on the freshii app and website','Other','2022-11-28',NULL,4.0,44.5,4.99,3.0,37.5,4.99,'2022-11-04',NULL,false,true),
	 (123,31,'2022-10-11 09:07:57.094382-05','2022-12-27 16:00:51.79989-06','admin','admin',3,'Get a free fountain drink when you buy 2 slices, or 1 slice and a salad','Beverage',NULL,NULL,2.25,20.81,10.72,2.25,17.35,8.56,NULL,NULL,false,false),
	 (121,32,'2022-10-11 09:05:49.967064-05','2022-12-27 16:00:59.483624-06','admin','admin',3,'Get a free fountain drink when you buy 2 slices, or 1 slice and a salad','Beverage',NULL,NULL,2.25,20.81,10.72,2.25,17.35,8.56,NULL,NULL,false,false),
	 (53,10004,'2022-07-27 23:42:17.849534-05','2022-12-27 16:03:44.769189-06',NULL,'admin',3,'$12.45 cajun cheese burger, fries and a 20oz fountain drink','Burger',NULL,NULL,1.55,11.07,12.45,1.55,11.07,12.45,NULL,NULL,false,true),
	 (52,10004,'2022-07-27 23:41:12.97514-05','2022-12-27 16:04:55.499962-06',NULL,'admin',3,'$13.60 cheese burger, fries and a 20oz fountain drink','Burger',NULL,NULL,1.65,12.13,13.6,1.65,12.13,13.6,NULL,NULL,false,true),
	 (56,10004,'2022-07-27 23:46:38.15725-05','2022-12-27 16:05:40.915846-06',NULL,'admin',3,'$13.45 Minnesota burger, fries and a 20oz fountain drink','Burger',NULL,NULL,1.85,12.09,13.45,1.85,12.09,13.45,NULL,NULL,false,true),
	 (54,10004,'2022-07-27 23:45:21.760957-05','2022-10-12 13:28:25.24146-05',NULL,'admin',3,'$13.75 bacon cheese burger, fries and a 20oz fountain drink','Burger',NULL,NULL,1.55,10.13,13.75,1.55,10.13,13.75,NULL,NULL,false,true);
INSERT INTO public.deals (id,place_id,date_created,last_updated,created_by,modified_by,deal_type,description,dish,end_date,end_time,max_discount,max_discount_percent,max_price,min_discount,min_discount_percent,min_price,start_date,start_time,tax_included,verified) VALUES
	 (125,38,'2022-10-13 08:09:52.726612-05','2022-11-20 16:13:45.415061-06','admin','admin',0,'20% off Chipotle Cheddar Bowl','Bowl','2022-10-31',NULL,1.79,20.0,7.2,1.79,20.0,7.2,NULL,NULL,false,true),
	 (126,38,'2022-10-13 08:11:55.357016-05','2022-11-20 16:14:00.263107-06','admin','admin',0,'20% off Teriyaki Twist Bowl','Bowl','2022-10-31',NULL,2.09,20.0,8.4,2.09,20.0,8.4,NULL,NULL,false,true),
	 (128,38,'2022-10-13 08:16:09.692391-05','2022-11-20 16:14:08.696675-06','admin','admin',0,'20% off Oaxaca Bowl','Bowl','2022-10-31',NULL,2.09,20.0,8.4,2.09,20.0,8.4,NULL,NULL,false,true),
	 (127,38,'2022-10-13 08:13:30.180022-05','2022-11-20 16:14:26.096488-06','admin','admin',0,'20% off Southwest BBQ Bowl','Bowl','2022-10-31',NULL,1.79,20.0,7.2,1.79,20.0,7.2,NULL,NULL,false,true),
	 (122,30,'2022-10-11 09:07:15.51212-05','2022-12-27 16:00:35.925045-06','admin','admin',3,'Get a free fountain drink when you buy 2 slices, or 1 slice and a salad','Beverage',NULL,NULL,2.25,20.81,10.72,2.25,17.35,8.56,NULL,NULL,false,false),
	 (55,10004,'2022-07-27 23:46:01.33711-05','2022-10-12 13:31:26.65612-05',NULL,'admin',3,'$13.45 mushroom swiss burger, fries and a 20oz fountain drink','Burger',NULL,NULL,1.85,12.09,13.45,1.85,12.09,13.45,NULL,NULL,false,true);

INSERT INTO public.days (id,deal_id,date_created,last_updated,created_by,modified_by,"date",day_of_week) VALUES
	 (58,50,'2022-07-27 13:15:04.809267-05','2022-07-27 13:15:04.809267-05','admin','admin',NULL,1),
	 (60,52,'2022-07-27 13:15:04.809267-05','2022-07-27 13:15:04.809267-05','admin','admin',NULL,0),
	 (61,53,'2022-07-27 13:15:04.809267-05','2022-07-27 13:15:04.809267-05','admin','admin',NULL,1),
	 (62,54,'2022-07-27 13:15:04.809267-05','2022-07-27 13:15:04.809267-05','admin','admin',NULL,2),
	 (64,56,'2022-08-24 17:40:01.187116-05','2022-08-24 17:40:01.187116-05','admin','admin',NULL,4),
	 (67,55,'2022-08-24 17:40:01.187116-05','2022-08-24 17:40:01.187116-05','admin','admin',NULL,3),
	 (72,64,'2022-08-24 17:40:01.187116-05','2022-08-24 17:40:01.187116-05','admin','admin',NULL,4),
	 (128,108,'2022-09-14 14:22:38.712201-05','2022-09-14 14:22:38.712189-05','admin','admin',NULL,0),
	 (129,109,'2022-09-14 14:24:09.302029-05','2022-09-14 14:24:09.302019-05','admin','admin',NULL,2),
	 (130,110,'2022-09-14 14:30:16.846915-05','2022-09-14 14:30:16.846892-05','admin','admin',NULL,3);
INSERT INTO public.days (id,deal_id,date_created,last_updated,created_by,modified_by,"date",day_of_week) VALUES
	 (141,115,'2022-10-09 14:07:22.255393-05','2022-10-09 14:07:22.255346-05','admin','admin',NULL,0),
	 (142,115,'2022-10-09 14:07:22.255472-05','2022-10-09 14:07:22.255467-05','admin','admin',NULL,1),
	 (143,115,'2022-10-09 14:07:22.255502-05','2022-10-09 14:07:22.255498-05','admin','admin',NULL,2),
	 (144,115,'2022-10-09 14:07:22.255527-05','2022-10-09 14:07:22.255523-05','admin','admin',NULL,3),
	 (145,115,'2022-10-09 14:07:22.255549-05','2022-10-09 14:07:22.255546-05','admin','admin',NULL,4),
	 (146,116,'2022-10-09 14:10:01.763604-05','2022-10-09 14:10:01.76359-05','admin','admin',NULL,0),
	 (147,116,'2022-10-09 14:10:01.763637-05','2022-10-09 14:10:01.763634-05','admin','admin',NULL,1),
	 (148,116,'2022-10-09 14:10:01.763657-05','2022-10-09 14:10:01.763654-05','admin','admin',NULL,2),
	 (149,116,'2022-10-09 14:10:01.763675-05','2022-10-09 14:10:01.763672-05','admin','admin',NULL,3),
	 (150,116,'2022-10-09 14:10:01.763691-05','2022-10-09 14:10:01.763689-05','admin','admin',NULL,4);
INSERT INTO public.days (id,deal_id,date_created,last_updated,created_by,modified_by,"date",day_of_week) VALUES
	 (151,117,'2022-10-09 14:12:25.805797-05','2022-10-09 14:12:25.805787-05','admin','admin',NULL,0),
	 (152,117,'2022-10-09 14:12:25.805831-05','2022-10-09 14:12:25.805827-05','admin','admin',NULL,1),
	 (153,117,'2022-10-09 14:12:25.80585-05','2022-10-09 14:12:25.805848-05','admin','admin',NULL,2),
	 (154,117,'2022-10-09 14:12:25.805867-05','2022-10-09 14:12:25.805864-05','admin','admin',NULL,3),
	 (155,117,'2022-10-09 14:12:25.805883-05','2022-10-09 14:12:25.805881-05','admin','admin',NULL,4),
	 (156,118,'2022-10-09 14:14:43.543208-05','2022-10-09 14:14:43.543198-05','admin','admin',NULL,0),
	 (157,118,'2022-10-09 14:14:43.543233-05','2022-10-09 14:14:43.543231-05','admin','admin',NULL,1),
	 (158,118,'2022-10-09 14:14:43.543253-05','2022-10-09 14:14:43.543251-05','admin','admin',NULL,2),
	 (159,118,'2022-10-09 14:14:43.543268-05','2022-10-09 14:14:43.543266-05','admin','admin',NULL,3),
	 (160,118,'2022-10-09 14:14:43.543282-05','2022-10-09 14:14:43.54328-05','admin','admin',NULL,4);
INSERT INTO public.days (id,deal_id,date_created,last_updated,created_by,modified_by,"date",day_of_week) VALUES
	 (161,119,'2022-10-09 14:44:00.972178-05','2022-10-09 14:44:00.972162-05','admin','admin',NULL,0),
	 (162,119,'2022-10-09 14:44:00.97231-05','2022-10-09 14:44:00.972304-05','admin','admin',NULL,1),
	 (163,119,'2022-10-09 14:44:00.972392-05','2022-10-09 14:44:00.972388-05','admin','admin',NULL,2),
	 (164,119,'2022-10-09 14:44:00.972419-05','2022-10-09 14:44:00.972416-05','admin','admin',NULL,3),
	 (165,119,'2022-10-09 14:44:00.972441-05','2022-10-09 14:44:00.972438-05','admin','admin',NULL,4),
	 (166,120,'2022-10-09 14:45:18.878076-05','2022-10-09 14:45:18.878059-05','admin','admin',NULL,0),
	 (167,120,'2022-10-09 14:45:18.878137-05','2022-10-09 14:45:18.87813-05','admin','admin',NULL,1),
	 (168,120,'2022-10-09 14:45:18.878164-05','2022-10-09 14:45:18.878161-05','admin','admin',NULL,2),
	 (169,120,'2022-10-09 14:45:18.878184-05','2022-10-09 14:45:18.878181-05','admin','admin',NULL,3),
	 (170,120,'2022-10-09 14:45:18.878203-05','2022-10-09 14:45:18.8782-05','admin','admin',NULL,4);
INSERT INTO public.days (id,deal_id,date_created,last_updated,created_by,modified_by,"date",day_of_week) VALUES
	 (171,121,'2022-10-11 09:05:49.963214-05','2022-10-11 09:05:49.963191-05','admin','admin',NULL,0),
	 (172,121,'2022-10-11 09:05:49.963302-05','2022-10-11 09:05:49.963295-05','admin','admin',NULL,1),
	 (173,121,'2022-10-11 09:05:49.963323-05','2022-10-11 09:05:49.963321-05','admin','admin',NULL,2),
	 (174,121,'2022-10-11 09:05:49.963339-05','2022-10-11 09:05:49.963337-05','admin','admin',NULL,3),
	 (175,121,'2022-10-11 09:05:49.963356-05','2022-10-11 09:05:49.963354-05','admin','admin',NULL,4),
	 (176,122,'2022-10-11 09:07:15.511625-05','2022-10-11 09:07:15.511609-05','admin','admin',NULL,0),
	 (177,122,'2022-10-11 09:07:15.511652-05','2022-10-11 09:07:15.51165-05','admin','admin',NULL,1),
	 (178,122,'2022-10-11 09:07:15.511669-05','2022-10-11 09:07:15.511668-05','admin','admin',NULL,2),
	 (179,122,'2022-10-11 09:07:15.511685-05','2022-10-11 09:07:15.511683-05','admin','admin',NULL,3),
	 (180,122,'2022-10-11 09:07:15.5117-05','2022-10-11 09:07:15.511699-05','admin','admin',NULL,4);
INSERT INTO public.days (id,deal_id,date_created,last_updated,created_by,modified_by,"date",day_of_week) VALUES
	 (181,123,'2022-10-11 09:07:57.09405-05','2022-10-11 09:07:57.094042-05','admin','admin',NULL,0),
	 (182,123,'2022-10-11 09:07:57.094072-05','2022-10-11 09:07:57.09407-05','admin','admin',NULL,1),
	 (183,123,'2022-10-11 09:07:57.094088-05','2022-10-11 09:07:57.094086-05','admin','admin',NULL,2),
	 (184,123,'2022-10-11 09:07:57.094103-05','2022-10-11 09:07:57.094101-05','admin','admin',NULL,3),
	 (185,123,'2022-10-11 09:07:57.094117-05','2022-10-11 09:07:57.094115-05','admin','admin',NULL,4),
	 (186,124,'2022-10-13 08:07:12.938042-05','2022-10-13 08:07:12.937987-05','admin','admin',NULL,0),
	 (187,125,'2022-10-13 08:09:52.724649-05','2022-10-13 08:09:52.724638-05','admin','admin',NULL,1),
	 (188,126,'2022-10-13 08:11:55.35505-05','2022-10-13 08:11:55.355036-05','admin','admin',NULL,2),
	 (189,127,'2022-10-13 08:13:30.179701-05','2022-10-13 08:13:30.179692-05','admin','admin',NULL,3),
	 (190,128,'2022-10-13 08:16:09.691627-05','2022-10-13 08:16:09.691606-05','admin','admin',NULL,4);
INSERT INTO public.days (id,deal_id,date_created,last_updated,created_by,modified_by,"date",day_of_week) VALUES
	 (191,129,'2022-11-20 16:17:39.109248-06','2022-11-20 16:17:39.109248-06','admin','admin',NULL,0),
	 (192,129,'2022-11-20 16:17:39.114211-06','2022-11-20 16:17:39.114211-06','admin','admin',NULL,4),
	 (193,132,'2022-12-12 09:26:28.988267-06','2022-12-12 09:26:28.988267-06','admin','admin',NULL,0),
	 (194,132,'2022-12-12 09:26:28.994006-06','2022-12-12 09:26:28.994006-06','admin','admin',NULL,1),
	 (195,132,'2022-12-12 09:26:28.995137-06','2022-12-12 09:26:28.995137-06','admin','admin',NULL,2),
	 (196,132,'2022-12-12 09:26:28.996013-06','2022-12-12 09:26:28.996013-06','admin','admin',NULL,3),
	 (197,132,'2022-12-12 09:26:28.997346-06','2022-12-12 09:26:28.997346-06','admin','admin',NULL,4),
	 (198,133,'2022-12-12 09:29:59.779575-06','2022-12-12 09:29:59.779575-06','admin','admin',NULL,0),
	 (205,134,'2022-12-12 09:41:13.250402-06','2022-12-12 09:41:13.250402-06','admin','admin',NULL,0),
	 (212,135,'2022-12-12 09:42:10.713771-06','2022-12-12 09:42:10.713771-06','admin','admin',NULL,0);
INSERT INTO public.days (id,deal_id,date_created,last_updated,created_by,modified_by,"date",day_of_week) VALUES
	 (219,136,'2022-12-12 09:43:15.594686-06','2022-12-12 09:43:15.594686-06','admin','admin',NULL,0),
	 (226,137,'2022-12-12 10:51:26.450032-06','2022-12-12 10:51:26.450032-06','admin','admin',NULL,0),
	 (227,137,'2022-12-12 10:51:26.454296-06','2022-12-12 10:51:26.454296-06','admin','admin',NULL,1),
	 (228,137,'2022-12-12 10:51:26.45583-06','2022-12-12 10:51:26.45583-06','admin','admin',NULL,2),
	 (229,137,'2022-12-12 10:51:26.459868-06','2022-12-12 10:51:26.459868-06','admin','admin',NULL,3),
	 (230,137,'2022-12-12 10:51:26.461133-06','2022-12-12 10:51:26.461133-06','admin','admin',NULL,4),
	 (231,137,'2022-12-12 10:51:26.462686-06','2022-12-12 10:51:26.462686-06','admin','admin',NULL,5),
	 (232,137,'2022-12-12 10:51:26.463836-06','2022-12-12 10:51:26.463836-06','admin','admin',NULL,6),
	 (233,138,'2022-12-12 10:56:42.920627-06','2022-12-12 10:56:42.920627-06','admin','admin',NULL,0),
	 (234,138,'2022-12-12 10:56:42.924619-06','2022-12-12 10:56:42.924619-06','admin','admin',NULL,1);
INSERT INTO public.days (id,deal_id,date_created,last_updated,created_by,modified_by,"date",day_of_week) VALUES
	 (235,138,'2022-12-12 10:56:42.926506-06','2022-12-12 10:56:42.926506-06','admin','admin',NULL,2),
	 (236,138,'2022-12-12 10:56:42.927709-06','2022-12-12 10:56:42.927709-06','admin','admin',NULL,3),
	 (237,138,'2022-12-12 10:56:42.928604-06','2022-12-12 10:56:42.928604-06','admin','admin',NULL,4),
	 (238,138,'2022-12-12 10:56:42.929373-06','2022-12-12 10:56:42.929373-06','admin','admin',NULL,5),
	 (239,138,'2022-12-12 10:56:42.930377-06','2022-12-12 10:56:42.930377-06','admin','admin',NULL,6),
	 (240,139,'2022-12-12 14:27:38.164336-06','2022-12-12 14:27:38.164336-06','admin','admin',NULL,0),
	 (241,139,'2022-12-12 14:27:38.16868-06','2022-12-12 14:27:38.16868-06','admin','admin',NULL,1),
	 (242,139,'2022-12-12 14:27:38.169621-06','2022-12-12 14:27:38.169621-06','admin','admin',NULL,2),
	 (243,139,'2022-12-12 14:27:38.170264-06','2022-12-12 14:27:38.170264-06','admin','admin',NULL,3),
	 (244,139,'2022-12-12 14:27:38.171833-06','2022-12-12 14:27:38.171833-06','admin','admin',NULL,4);
INSERT INTO public.days (id,deal_id,date_created,last_updated,created_by,modified_by,"date",day_of_week) VALUES
	 (245,139,'2022-12-12 14:27:38.174829-06','2022-12-12 14:27:38.174829-06','admin','admin',NULL,5),
	 (246,139,'2022-12-12 14:27:38.175607-06','2022-12-12 14:27:38.175607-06','admin','admin',NULL,6),
	 (247,140,'2022-12-12 14:33:42.593349-06','2022-12-12 14:33:42.593349-06','admin','admin',NULL,0),
	 (248,140,'2022-12-12 14:33:42.59528-06','2022-12-12 14:33:42.59528-06','admin','admin',NULL,1),
	 (249,140,'2022-12-12 14:33:42.596749-06','2022-12-12 14:33:42.596749-06','admin','admin',NULL,2),
	 (250,140,'2022-12-12 14:33:42.598355-06','2022-12-12 14:33:42.598355-06','admin','admin',NULL,3),
	 (251,140,'2022-12-12 14:33:42.600009-06','2022-12-12 14:33:42.600009-06','admin','admin',NULL,4),
	 (252,140,'2022-12-12 14:33:42.601892-06','2022-12-12 14:33:42.601892-06','admin','admin',NULL,5),
	 (253,140,'2022-12-12 14:33:42.604032-06','2022-12-12 14:33:42.604032-06','admin','admin',NULL,6),
	 (254,141,'2022-12-12 14:35:23.687677-06','2022-12-12 14:35:23.687677-06','admin','admin',NULL,3);
INSERT INTO public.days (id,deal_id,date_created,last_updated,created_by,modified_by,"date",day_of_week) VALUES
	 (255,142,'2022-12-12 14:35:44.854864-06','2022-12-12 14:35:44.854864-06','admin','admin',NULL,3),
	 (256,143,'2022-12-12 14:39:15.184009-06','2022-12-12 14:39:15.184009-06','admin','admin',NULL,0),
	 (257,143,'2022-12-12 14:39:15.186422-06','2022-12-12 14:39:15.186422-06','admin','admin',NULL,1),
	 (258,143,'2022-12-12 14:39:15.187582-06','2022-12-12 14:39:15.187582-06','admin','admin',NULL,2),
	 (259,143,'2022-12-12 14:39:15.188831-06','2022-12-12 14:39:15.188831-06','admin','admin',NULL,3),
	 (260,144,'2022-12-12 14:42:11.056276-06','2022-12-12 14:42:11.056276-06','admin','admin',NULL,0),
	 (261,144,'2022-12-12 14:42:11.057507-06','2022-12-12 14:42:11.057507-06','admin','admin',NULL,1),
	 (262,144,'2022-12-12 14:42:11.058716-06','2022-12-12 14:42:11.058716-06','admin','admin',NULL,2),
	 (263,144,'2022-12-12 14:42:11.059605-06','2022-12-12 14:42:11.059605-06','admin','admin',NULL,3),
	 (264,144,'2022-12-12 14:42:11.060485-06','2022-12-12 14:42:11.060485-06','admin','admin',NULL,4);
INSERT INTO public.days (id,deal_id,date_created,last_updated,created_by,modified_by,"date",day_of_week) VALUES
	 (265,144,'2022-12-12 14:42:11.061277-06','2022-12-12 14:42:11.061277-06','admin','admin',NULL,5),
	 (266,144,'2022-12-12 14:42:11.062015-06','2022-12-12 14:42:11.062015-06','admin','admin',NULL,6),
	 (267,145,'2022-12-12 14:45:30.374556-06','2022-12-12 14:45:30.374556-06','admin','admin',NULL,0),
	 (268,145,'2022-12-12 14:45:30.377046-06','2022-12-12 14:45:30.377046-06','admin','admin',NULL,1),
	 (269,145,'2022-12-12 14:45:30.379825-06','2022-12-12 14:45:30.379825-06','admin','admin',NULL,2),
	 (270,145,'2022-12-12 14:45:30.381001-06','2022-12-12 14:45:30.381001-06','admin','admin',NULL,3),
	 (271,145,'2022-12-12 14:45:30.383118-06','2022-12-12 14:45:30.383118-06','admin','admin',NULL,4),
	 (272,146,'2022-12-12 14:46:19.588733-06','2022-12-12 14:46:19.588733-06','admin','admin',NULL,0),
	 (273,146,'2022-12-12 14:46:19.590985-06','2022-12-12 14:46:19.590985-06','admin','admin',NULL,1),
	 (274,146,'2022-12-12 14:46:19.59257-06','2022-12-12 14:46:19.59257-06','admin','admin',NULL,2);
INSERT INTO public.days (id,deal_id,date_created,last_updated,created_by,modified_by,"date",day_of_week) VALUES
	 (275,146,'2022-12-12 14:46:19.594181-06','2022-12-12 14:46:19.594181-06','admin','admin',NULL,3),
	 (276,146,'2022-12-12 14:46:19.595316-06','2022-12-12 14:46:19.595316-06','admin','admin',NULL,4),
	 (290,150,'2022-12-20 08:36:39.177413-06','2022-12-20 08:36:39.177413-06','admin','admin',NULL,0),
	 (291,150,'2022-12-20 08:36:39.181461-06','2022-12-20 08:36:39.181461-06','admin','admin',NULL,1),
	 (292,150,'2022-12-20 08:36:39.182718-06','2022-12-20 08:36:39.182718-06','admin','admin',NULL,2),
	 (293,150,'2022-12-20 08:36:39.183749-06','2022-12-20 08:36:39.183749-06','admin','admin',NULL,3),
	 (294,150,'2022-12-20 08:36:39.184852-06','2022-12-20 08:36:39.184852-06','admin','admin',NULL,4),
	 (295,151,'2022-12-20 08:38:41.10654-06','2022-12-20 08:38:41.10654-06','admin','admin',NULL,0),
	 (296,151,'2022-12-20 08:38:41.107416-06','2022-12-20 08:38:41.107416-06','admin','admin',NULL,1),
	 (297,151,'2022-12-20 08:38:41.108201-06','2022-12-20 08:38:41.108201-06','admin','admin',NULL,2);
INSERT INTO public.days (id,deal_id,date_created,last_updated,created_by,modified_by,"date",day_of_week) VALUES
	 (298,151,'2022-12-20 08:38:41.108907-06','2022-12-20 08:38:41.108907-06','admin','admin',NULL,3),
	 (299,151,'2022-12-20 08:38:41.109624-06','2022-12-20 08:38:41.109624-06','admin','admin',NULL,4),
	 (300,152,'2022-12-20 11:05:05.40843-06','2022-12-20 11:05:05.40843-06','admin','admin',NULL,0),
	 (301,152,'2022-12-20 11:05:05.410456-06','2022-12-20 11:05:05.410456-06','admin','admin',NULL,1),
	 (302,152,'2022-12-20 11:05:05.41165-06','2022-12-20 11:05:05.41165-06','admin','admin',NULL,2),
	 (303,152,'2022-12-20 11:05:05.412532-06','2022-12-20 11:05:05.412532-06','admin','admin',NULL,3),
	 (304,152,'2022-12-20 11:05:05.413319-06','2022-12-20 11:05:05.413319-06','admin','admin',NULL,4),
	 (319,159,'2022-12-27 13:50:36.835111-06','2022-12-27 13:50:36.835111-06','admin','admin',NULL,0),
	 (320,159,'2022-12-27 13:50:36.862731-06','2022-12-27 13:50:36.862731-06','admin','admin',NULL,1),
	 (321,159,'2022-12-27 13:50:36.868433-06','2022-12-27 13:50:36.868433-06','admin','admin',NULL,2);
INSERT INTO public.days (id,deal_id,date_created,last_updated,created_by,modified_by,"date",day_of_week) VALUES
	 (322,159,'2022-12-27 13:50:36.873153-06','2022-12-27 13:50:36.873153-06','admin','admin',NULL,3),
	 (323,159,'2022-12-27 13:50:36.881264-06','2022-12-27 13:50:36.881264-06','admin','admin',NULL,4);

INSERT INTO public.deal_logs (id,deal_id,place_id,deal_type,description,redeemed,redemption_date,date_created,last_updated,created_by,modified_by) VALUES
	 (5,NULL,33,0,'Free sandwich after purchase of sandwich at full price',true,'2022-07-29','2022-11-20 13:46:48.759379-06','2022-11-20 13:46:48.759379-06','admin','admin'),
	 (9,50,10000,3,'2 supreme slices',true,'2022-10-04','2022-11-20 14:09:01.91368-06','2022-11-20 14:09:01.91368-06','admin','admin'),
	 (7,50,10000,3,'2 supreme slices',true,'2022-09-13','2022-11-20 13:51:33.399775-06','2022-11-20 14:09:12.703164-06','admin','admin'),
	 (18,NULL,34,1,'Free sandwich after purchase of sandwich at full price',false,NULL,'2022-11-20 15:57:22.40164-06','2022-11-20 15:57:22.40164-06','admin','admin'),
	 (19,NULL,39,0,'Place your first order and we will send you an offer for $5 OFF your next order of $10 or more valid for 14 days',false,NULL,'2022-11-20 15:59:42.061205-06','2022-11-20 15:59:42.061205-06','admin','admin'),
	 (24,NULL,49,1,'Buy one get one free 11/07/2022 through 11/11/2022',true,'2022-11-10','2022-11-20 16:09:28.477042-06','2022-11-20 16:09:28.477042-06','admin','admin'),
	 (26,NULL,17,1,'20% coupon for joining rewards good for 30 days',false,NULL,'2022-11-21 08:53:00.986313-06','2022-11-21 08:53:00.986313-06','admin','admin'),
	 (28,NULL,37,0,'Buy one get one free entree',false,NULL,'2022-11-23 17:06:01.092207-06','2022-11-23 17:06:01.092207-06','admin','admin'),
	 (29,NULL,36,0,'Buy one get one free entree',false,NULL,'2022-11-23 17:06:13.601796-06','2022-11-23 17:06:13.601796-06','admin','admin'),
	 (13,NULL,33,1,'Buy one get one free pastrami sandwich',false,NULL,'2022-11-20 14:21:46.392318-06','2022-11-23 17:06:46.245053-06','admin','admin');
INSERT INTO public.deal_logs (id,deal_id,place_id,deal_type,description,redeemed,redemption_date,date_created,last_updated,created_by,modified_by) VALUES
	 (10,NULL,16,4,'Free gyro with rewards points',true,'2022-09-07','2022-11-20 14:13:29.047814-06','2022-11-23 17:11:59.810209-06','admin','admin'),
	 (12,NULL,34,1,'Buy one get one free pastrami sandwich',false,NULL,'2022-11-20 14:21:32.333495-06','2022-11-23 17:12:09.614996-06','admin','admin'),
	 (30,NULL,43,1,'Free sandwich after first order in app or online',false,NULL,'2022-11-24 09:20:08.47913-06','2022-11-24 09:20:08.47913-06','admin','admin'),
	 (31,NULL,41,0,'Free sandwich after first order in app or online',false,NULL,'2022-11-24 09:20:34.477522-06','2022-11-24 09:20:34.477522-06','admin','admin'),
	 (32,NULL,42,0,'Free sandwich after first order in app or online',false,NULL,'2022-11-24 09:20:52.425186-06','2022-11-24 09:20:52.425186-06','admin','admin'),
	 (33,NULL,44,0,'Free sandwich after first order in app or online',false,NULL,'2022-11-24 09:21:09.599951-06','2022-11-24 09:21:09.599951-06','admin','admin'),
	 (34,NULL,47,1,'3x points 11/28/2022 only',false,NULL,'2022-11-30 13:11:24.449183-06','2022-11-30 13:11:24.449183-06','admin','admin');

INSERT INTO public.rewards (id,place_id,notes,reward_type,date_created,last_updated,created_by,modified_by) VALUES
	 (5,16,'1 point for every $2 you spend and receive a $2.50 discount for every 50 points you redeem. 2.5% back.',0,'2022-10-09 13:36:57.830443-05','2022-10-09 13:36:57.830443-05','admin','admin'),
	 (6,15,'Earn 1 point per dollar spent. 100 points equals a $5 discount.
Exclusive app deals.
Free 1-topping solo pizza during your birthday month.',2,'2022-10-09 13:47:16.691221-05','2022-10-09 13:47:31.3456-05','admin','admin'),
	 (7,17,'20% off your first order.
Earn 1 point per dollar spent. 100 points equals a $5 discount.
Exclusive app deals.
Free 1-topping solo pizza during your birthday month.',2,'2022-10-09 13:48:24.654773-05','2022-10-09 13:48:24.654773-05','admin','admin'),
	 (8,10000,'Free slice with purchase of 9 slices at full price',1,'2022-10-09 13:48:55.803239-05','2022-10-09 13:48:55.803239-05','admin','admin'),
	 (10,22,NULL,2,'2022-10-09 14:27:13.990587-05','2022-10-09 14:27:13.990587-05','admin','admin'),
	 (11,23,NULL,2,'2022-10-09 14:29:03.086126-05','2022-10-09 14:29:03.086126-05','admin','admin'),
	 (12,24,NULL,2,'2022-10-09 14:30:09.376038-05','2022-10-09 14:30:09.376038-05','admin','admin'),
	 (13,25,NULL,2,'2022-10-09 14:31:00.444155-05','2022-10-09 14:31:00.444155-05','admin','admin'),
	 (14,26,NULL,2,'2022-10-09 14:31:45.374188-05','2022-10-09 14:31:45.374188-05','admin','admin'),
	 (15,27,NULL,2,'2022-10-09 14:32:48.970023-05','2022-10-09 14:32:48.970023-05','admin','admin');
INSERT INTO public.rewards (id,place_id,notes,reward_type,date_created,last_updated,created_by,modified_by) VALUES
	 (16,33,'10 points for every $1 spent, 1000 points for a free entrée. Periodic perks and 2x and 3x points days.',2,'2022-10-12 23:00:59.691905-05','2022-10-12 23:00:59.691905-05','admin','admin'),
	 (17,34,'10 points for every $1 spent, 1000 points for a free entrée. Periodic perks and 2x and 3x points days.',2,'2022-10-12 23:02:05.533291-05','2022-10-12 23:02:05.533291-05','admin','admin'),
	 (18,28,'Earn 1 point for every $1 spent, $5 off for 50 points. Redeem & Earn rewards at any Cara Irish Pubs locations and on online orders. Free Birthday Reward.',0,'2022-10-12 23:07:30.686721-05','2022-10-12 23:07:30.686721-05','admin','admin'),
	 (19,35,NULL,3,'2022-10-12 23:59:11.262565-05','2022-10-12 23:59:11.262565-05','admin','admin'),
	 (20,36,'For every $1 you spend, you''ll earn 1 point. When you reach 100 points, you''ll unlock $10 in rewards. Periodic specials.',2,'2022-10-13 07:41:07.741452-05','2022-10-13 07:41:07.741452-05','admin','admin'),
	 (21,37,'For every $1 you spend, you''ll earn 1 point. When you reach 100 points, you''ll unlock $10 in rewards. Periodic specials.',2,'2022-10-13 07:42:38.433841-05','2022-10-13 07:42:38.433841-05','admin','admin'),
	 (22,38,'1 point per dollar spent, rewards start at 50 points. Periodic offers.',2,'2022-10-13 08:03:17.752216-05','2022-10-13 08:03:17.752216-05','admin','admin'),
	 (24,40,'10 points for every $1 spent. Periodic offers.
https://chipotle.com/rewards',2,'2022-10-13 08:43:39.469235-05','2022-10-13 08:43:39.469235-05','admin','admin'),
	 (23,39,'Each dollar spent earns one "Fortune". Earn 100 Fortunes and receive a FREE Entree. Exclusive offers and promotions. https://www.leeannchin.com/rewards',2,'2022-10-13 08:36:19.335295-05','2022-10-13 08:45:45.106319-05','admin','admin'),
	 (25,41,'Free sandwich after first order. Surprise rewards
https://www.jimmyjohns.com/contact-us/faqs/',2,'2022-10-13 10:52:26.026787-05','2022-10-13 10:52:26.026787-05','admin','admin');
INSERT INTO public.rewards (id,place_id,notes,reward_type,date_created,last_updated,created_by,modified_by) VALUES
	 (26,42,'Free sandwich after first order. Surprise rewards
https://www.jimmyjohns.com/contact-us/faqs/',2,'2022-10-13 10:53:38.590772-05','2022-10-13 10:53:38.590772-05','admin','admin'),
	 (27,43,'Free sandwich after first order. Surprise rewards
https://www.jimmyjohns.com/contact-us/faqs/',2,'2022-10-13 10:55:04.964589-05','2022-10-13 10:55:22.964462-05','admin','admin'),
	 (28,44,'Free sandwich after first order. Surprise rewards
https://www.jimmyjohns.com/contact-us/faqs/',2,'2022-10-13 10:56:29.502368-05','2022-10-13 10:56:29.502368-05','admin','admin'),
	 (29,45,'10 points for every $1 spent. Periodic offers.
https://chipotle.com/rewards',2,'2022-10-13 11:00:39.782964-05','2022-10-13 11:00:39.782964-05','admin','admin'),
	 (30,46,'10 points for every $1 spent. Periodic offers.
https://chipotle.com/rewards',2,'2022-10-13 11:01:14.104486-05','2022-10-13 11:01:14.104486-05','admin','admin'),
	 (31,47,'Earn 1 point per $1 spent. Periodic offers.
https://www.qdoba.com/rewards',2,'2022-10-13 11:18:58.64721-05','2022-10-13 11:18:58.64721-05','admin','admin'),
	 (32,48,'Earn points for purchases. Periodic offers.
https://www.panerabread.com/en-us/mypanera/rewards.html',2,'2022-10-13 11:33:56.760696-05','2022-10-13 11:33:56.760696-05','admin','admin'),
	 (33,49,'Periodic deals in via email. $2.00 off next order after first online order',3,'2022-11-20 16:08:33.692624-06','2022-11-20 16:08:33.692624-06','admin','admin');
